"entry","effect"
1,124.996318297282
2,318.695183034924
3,-136.07715892395
4,15.3916292922863
5,33.5189198601151
6,-4.12328029986043
7,72.2955130545357
8,-157.940893987871
9,-22.4574163308537
10,-32.6866716334756
11,546.883967507338
12,-7.65479848541504
13,206.118026621742
14,-336.955936043646
15,-113.720360569019
16,110.55813669759
17,101.657001920437
18,-39.9158582154136
19,-56.9406686182014
20,436.109247856046
