"env","cov","engine","converged","n","k","logLik","AIC","AICc","BIC","best"
"MilletVT_2025","expa","nlme::lme",TRUE,144,24,-896.900951111244,1841.80190222249,1851.88593583593,1909.48865979701,FALSE
"MilletVT_2025","exp","nlme::lme",TRUE,144,24,-896.900951111244,1841.80190222249,1851.88593583593,1909.48865979701,FALSE
"MilletVT_2025","sph","nlme::lme",TRUE,144,24,-896.243576985736,1840.48715397147,1850.57118758492,1908.17391154599,TRUE
"MilletVT_2025","gau","nlme::lme",TRUE,144,24,-896.351475523231,1840.70295104646,1850.78698465991,1908.38970862098,FALSE
